Student_ID,Student_Name,Attendance_Percent,Study_Hours_Per_Day,Assignment_Score,Internal_Marks,Final_Marks
1,Student_001,86.5,5.0,68.0,79.4,75.6
2,Student_002,80.8,2.4,77.0,76.9,65.5
3,Student_003,87.8,5.9,85.0,84.0,74.4
4,Student_004,95.7,1.7,89.0,76.2,77.3
5,Student_005,79.9,4.7,62.0,74.8,66.0
6,Student_006,79.9,7.1,74.0,79.9,72.0
7,Student_007,96.2,2.3,72.0,72.3,65.8
8,Student_008,88.9,,70.0,69.8,61.5
9,Student_009,77.8,3.9,100.0,78.2,94.1
10,Student_010,86.9,3.0,83.0,67.4,77.8
11,Student_011,77.8,1.5,62.0,57.1,56.6
12,Student_012,77.8,3.9,90.0,78.0,89.6
13,Student_013,84.2,2.2,100.0,83.9,82.8
14,Student_014,64.8,4.5,91.0,78.3,73.3
15,Student_015,66.5,2.4,58.0,69.5,72.1
16,Student_016,76.9,6.1,,71.7,79.1
17,Student_017,72.9,2.6,94.0,74.8,68.5
18,Student_018,84.8,3.3,69.0,70.1,67.7
19,Student_019,73.8,5.0,84.0,90.5,78.7
20,Student_020,69.3,2.0,88.0,57.4,54.9
21,Student_021,95.2,4.1,66.0,69.5,77.2
22,Student_022,80.0,5.8,77.0,74.5,91.2
23,Student_023,82.6,1.4,36.0,35.9,30.0
24,Student_024,69.2,4.1,65.0,60.5,67.2
25,Student_025,77.1,4.2,75.0,65.5,65.1
26,Student_026,83.0,5.0,62.0,73.5,68.2
27,Student_027,71.6,1.9,99.0,69.4,69.2
28,Student_028,85.4,1.8,59.0,73.5,58.6
29,Student_029,76.6,4.6,72.0,77.9,75.4
30,Student_030,79.4,4.2,80.0,69.3,67.3
31,Student_031,76.6,4.2,97.0,70.9,80.5
32,Student_032,98.7,4.3,59.0,78.9,73.3
33,Student_033,81.9,2.8,93.0,63.7,70.3
34,Student_034,72.5,4.1,78.0,82.3,71.0
35,Student_035,89.4,,65.0,81.3,71.2
36,Student_036,71.0,2.7,84.0,62.0,72.3
37,Student_037,83.9,6.6,81.0,72.6,83.8
38,Student_038,64.4,4.5,70.0,74.6,64.5
39,Student_039,70.0,2.0,79.0,59.9,63.7
40,Student_040,83.8,4.8,73.0,84.0,84.6
41,Student_041,88.6,2.3,79.0,58.5,53.6
42,Student_042,83.5,5.0,87.0,76.0,84.1
43,Student_043,81.0,5.5,99.0,84.7,83.9
44,Student_044,79.3,2.6,62.0,62.1,65.3
45,Student_045,68.7,5.2,100.0,75.5,77.3
46,Student_046,75.5,4.4,53.0,68.7,52.0
47,Student_047,77.9,5.0,76.0,67.0,60.9
48,Student_048,91.5,6.6,86.0,88.3,90.1
49,Student_049,85.1,3.4,82.0,74.1,76.8
50,Student_050,66.1,2.7,70.0,62.6,56.2
51,Student_051,84.9,2.5,75.0,72.6,74.8
52,Student_052,78.5,2.6,72.0,56.6,50.0
53,Student_053,75.9,3.7,70.0,56.2,62.3
54,Student_054,87.5,4.3,89.0,88.7,77.3
55,Student_055,91.3,4.2,83.0,81.5,76.4
56,Student_056,90.4,5.0,69.0,72.4,74.5
57,Student_057,74.4,3.8,90.0,83.5,75.1
58,Student_058,79.2,6.0,82.0,81.5,80.1
59,Student_059,85.0,3.4,89.0,83.6,88.4
60,Student_060,90.8,7.9,86.0,94.4,91.0
61,Student_061,77.7,4.7,67.0,85.0,82.9
62,Student_062,80.3,2.5,71.0,76.8,62.6
63,Student_063,72.0,2.2,88.0,63.3,71.6
64,Student_064,71.2,4.5,86.0,79.6,89.3
65,Student_065,89.3,3.5,78.0,78.7,59.2
66,Student_066,94.2,4.9,80.0,91.8,80.8
67,Student_067,81.4,4.5,95.0,73.0,84.2
68,Student_068,91.0,3.7,,78.1,73.0
69,Student_069,85.3,2.5,85.0,78.2,78.5
70,Student_070,76.2,1.5,75.0,47.9,52.0
71,Student_071,85.3,3.1,75.0,61.8,67.4
72,Student_072,95.8,5.1,92.0,72.9,81.0
73,Student_073,81.7,4.1,89.0,74.7,86.5
74,Student_074,96.1,1.9,89.0,79.3,79.5
75,Student_075,58.4,4.1,95.0,79.1,81.7
76,Student_076,89.4,4.4,78.0,78.2,75.2
77,Student_077,82.8,2.5,87.0,81.8,74.4
78,Student_078,79.3,4.0,74.0,61.0,64.2
79,Student_079,82.8,3.9,82.0,62.3,73.1
80,Student_080,64.1,2.1,76.0,57.3,57.5
81,Student_081,80.0,4.3,79.0,76.3,78.3
82,Student_082,85.2,4.6,86.0,78.8,95.2
83,Student_083,95.3,5.4,67.0,66.2,78.2
84,Student_084,77.3,5.4,100.0,82.4,84.9
85,Student_085,74.7,1.7,65.0,48.2,62.0
86,Student_086,77.5,2.4,62.0,65.0,59.1
87,Student_087,90.2,4.6,93.0,85.8,72.3
88,Student_088,85.0,4.6,88.0,73.0,71.6
89,Student_089,77.2,4.6,86.0,72.1,63.6
90,Student_090,86.6,,86.0,85.2,88.1
91,Student_091,82.9,4.7,78.0,75.6,76.9
92,Student_092,90.7,5.5,66.0,85.5,91.9
93,Student_093,75.7,5.2,79.0,68.4,76.2
94,Student_094,79.1,4.8,69.0,75.7,72.3
95,Student_095,78.5,3.3,91.0,69.1,80.2
96,Student_096,68.8,4.9,76.0,64.8,54.5
97,Student_097,84.7,2.6,67.0,64.8,66.3
98,Student_098,84.3,3.4,74.0,63.3,73.0
99,Student_099,82.0,3.1,83.0,67.2,60.8
100,Student_100,79.9,3.9,71.0,61.3,74.3
101,Student_101,69.3,7.3,67.0,90.7,86.2
102,Student_102,78.2,1.0,81.0,61.2,60.3
103,Student_103,78.9,4.8,81.0,70.8,79.6
104,Student_104,74.8,1.4,71.0,59.5,75.8
105,Student_105,80.5,3.1,72.0,66.4,68.6
106,Student_106,85.6,5.4,81.0,79.2,82.8
107,Student_107,99.0,3.9,59.0,78.4,69.4
108,Student_108,83.6,2.2,60.0,66.8,56.5
109,Student_109,84.3,2.7,69.0,62.7,70.2
110,Student_110,81.3,4.8,75.0,70.9,67.7
111,Student_111,64.7,2.7,82.0,60.1,65.3
112,Student_112,81.8,4.1,97.0,62.9,72.1
113,Student_113,82.5,3.9,89.0,65.6,77.3
114,Student_114,100.0,2.8,76.0,85.0,81.0
115,Student_115,80.3,7.0,78.0,95.2,97.2
116,Student_116,84.7,4.8,65.0,71.6,67.9
117,Student_117,81.7,0.8,78.0,64.8,62.1
118,Student_118,71.5,4.1,74.0,70.0,63.6
119,Student_119,92.3,2.8,82.0,95.6,81.2
120,Student_120,88.8,5.1,67.0,84.6,81.7
11,Student_011,77.8,1.5,62.0,57.1,56.6
51,Student_051,84.9,2.5,75.0,72.6,74.8
